algorithm,path,best_distance,solving_time,run_time
"HILL CLIMBER
Neighbourhood type: Swap

n_iter: 30","[7, 25, 16, 13, 21, 5, 9, 12, 8, 23, 27, 24, 26, 29, 3, 10, 4, 20, 2, 1, 28, 6, 18, 17, 14, 22, 11, 15, 19]",2792,5.543594499999017,2022-12-22 00:14:05.164445
"HILL CLIMBER
Neighbourhood type: Swap

n_iter: 30","[23, 7, 25, 24, 28, 6, 12, 9, 5, 26, 29, 3, 2, 10, 4, 15, 19, 13, 1, 21, 20, 18, 17, 14, 22, 11, 16, 27, 8]",2430,2.9083892999988166,2022-12-22 00:23:26.047923
"HILL CLIMBER
Neighbourhood type: Swap

n_iter: 30","[21, 10, 4, 18, 14, 15, 16, 24, 27, 23, 8, 28, 6, 12, 9, 5, 26, 29, 3, 1, 13, 19, 25, 7, 11, 22, 17, 20, 2]",2532,2.927890999999363,2022-12-22 00:23:28.978886
"HILL CLIMBER
Neighbourhood type: Swap

n_iter: 30","[10, 13, 24, 27, 23, 7, 25, 16, 8, 28, 1, 21, 5, 6, 12, 9, 26, 29, 3, 2, 20, 18, 17, 14, 22, 11, 19, 15, 4]",2204,3.121898899998996,2022-12-22 00:23:32.103581
"HILL CLIMBER
Neighbourhood type: Swap

n_iter: 30","[19, 11, 25, 7, 23, 21, 2, 3, 29, 26, 9, 12, 8, 27, 13, 10, 4, 15, 18, 17, 22, 14, 20, 5, 6, 28, 1, 24, 16]",2574,1.7485923000003822,2022-12-22 00:23:33.853628
"HILL CLIMBER
Neighbourhood type: Swap

n_iter: 30","[2, 16, 19, 25, 7, 23, 27, 8, 24, 13, 10, 4, 15, 11, 22, 14, 17, 18, 20, 6, 12, 9, 26, 5, 28, 1, 21, 29, 3]",2449,2.3790148999996745,2022-12-22 00:23:36.234256
"HILL CLIMBER
Neighbourhood type: Swap

n_iter: 30","[24, 8, 27, 23, 7, 11, 22, 17, 20, 2, 3, 29, 26, 5, 21, 10, 4, 18, 14, 15, 19, 25, 16, 13, 9, 12, 6, 28, 1]",2525,2.1160995999998704,2022-12-22 00:23:38.352585
"HILL CLIMBER
Neighbourhood type: Swap

n_iter: 30","[14, 17, 18, 15, 4, 2, 21, 13, 16, 24, 8, 27, 23, 7, 25, 10, 20, 6, 12, 9, 29, 3, 26, 5, 28, 1, 19, 11, 22]",2532,2.3037136000002647,2022-12-22 00:23:40.658498
"HILL CLIMBER
Neighbourhood type: Swap

n_iter: 30","[23, 8, 28, 6, 14, 22, 11, 15, 4, 13, 16, 27, 24, 1, 21, 20, 18, 17, 5, 12, 9, 26, 29, 3, 2, 10, 19, 25, 7]",2890,2.2448888999988412,2022-12-22 00:23:42.904602
"HILL CLIMBER
Neighbourhood type: Swap

n_iter: 30","[25, 7, 23, 16, 10, 4, 15, 19, 11, 22, 14, 17, 18, 20, 2, 5, 9, 12, 6, 28, 8, 27, 24, 1, 3, 29, 26, 21, 13]",2494,2.0894294999998237,2022-12-22 00:23:44.996517
"HILL CLIMBER
Neighbourhood type: Swap

n_iter: 30","[5, 21, 13, 16, 23, 27, 8, 24, 1, 28, 26, 29, 3, 2, 20, 18, 17, 22, 14, 15, 11, 25, 7, 19, 4, 10, 6, 12, 9]",2451,2.1419965000004595,2022-12-22 00:23:47.139769
"HILL CLIMBER
Neighbourhood type: Swap

n_iter: 30","[4, 10, 13, 2, 21, 1, 24, 27, 8, 28, 6, 12, 9, 5, 26, 29, 3, 20, 18, 17, 14, 22, 11, 19, 16, 23, 7, 25, 15]",2275,2.7996215999992273,2022-12-22 00:27:01.159090
"HILL CLIMBER
Neighbourhood type: Swap

n_iter: 30","[14, 22, 11, 7, 25, 19, 15, 16, 23, 27, 8, 1, 21, 3, 29, 26, 9, 12, 5, 2, 20, 13, 24, 28, 6, 10, 4, 18, 17]",2531,1.9441202999987581,2022-12-22 00:27:03.107128
"HILL CLIMBER
Neighbourhood type: Swap

n_iter: 30","[3, 29, 26, 21, 1, 5, 9, 12, 6, 28, 8, 24, 16, 27, 23, 7, 25, 19, 13, 10, 4, 18, 17, 14, 22, 11, 15, 20, 2]",2272,2.5929030000006605,2022-12-22 00:27:05.702149
"HILL CLIMBER
Neighbourhood type: Swap

n_iter: 30","[11, 13, 12, 6, 28, 8, 27, 23, 7, 25, 19, 15, 4, 29, 3, 26, 9, 5, 1, 24, 16, 21, 2, 20, 10, 18, 14, 17, 22]",2599,3.195236499999737,2022-12-22 00:27:08.898947
"HILL CLIMBER
Neighbourhood type: Swap

n_iter: 30","[8, 1, 28, 6, 12, 9, 2, 20, 10, 15, 4, 13, 21, 5, 26, 29, 3, 24, 16, 19, 18, 17, 14, 22, 11, 25, 7, 23, 27]",2388,2.2608794000007038,2022-12-22 00:27:11.161891
"HILL CLIMBER
Neighbourhood type: Swap

n_iter: 30","[9, 5, 21, 2, 3, 29, 26, 8, 27, 16, 19, 10, 4, 18, 17, 22, 14, 15, 11, 25, 7, 23, 24, 13, 20, 1, 28, 6, 12]",2448,2.43368510000073,2022-12-22 00:27:13.597347
"HILL CLIMBER
Neighbourhood type: Swap

n_iter: 30","[15, 4, 10, 21, 5, 6, 1, 13, 24, 27, 23, 7, 25, 16, 8, 28, 12, 9, 26, 29, 3, 2, 20, 19, 11, 22, 14, 17, 18]",2378,2.452877700001409,2022-12-22 00:27:16.051779
"HILL CLIMBER
Neighbourhood type: Swap

n_iter: 30","[19, 18, 17, 14, 22, 11, 15, 20, 3, 29, 4, 10, 21, 6, 12, 9, 5, 26, 2, 13, 16, 24, 1, 28, 8, 27, 23, 7, 25]",2517,1.6926972000001115,2022-12-22 00:27:17.746365
"HILL CLIMBER
Neighbourhood type: Swap

n_iter: 30","[19, 16, 25, 7, 11, 22, 14, 17, 5, 26, 9, 12, 6, 21, 20, 18, 15, 13, 24, 1, 28, 8, 23, 27, 2, 29, 3, 10, 4]",2870,2.6683727000017825,2022-12-22 00:28:42.423517
"HILL CLIMBER
Neighbourhood type: Swap

n_iter: 30","[12, 6, 28, 1, 24, 8, 27, 23, 7, 25, 14, 22, 17, 18, 4, 10, 20, 2, 13, 16, 19, 11, 15, 21, 5, 26, 3, 29, 9]",2355,1.9042092999989109,2022-12-22 00:28:44.329417
"HILL CLIMBER
Neighbourhood type: Swap

n_iter: 30","[27, 8, 24, 13, 1, 28, 9, 29, 3, 26, 5, 2, 21, 12, 6, 20, 10, 4, 17, 22, 11, 7, 25, 14, 18, 15, 19, 16, 23]",2591,1.7846348000020953,2022-12-22 00:28:46.116609
"HILL CLIMBER
Neighbourhood type: Swap

n_iter: 30","[8, 23, 7, 25, 11, 22, 17, 4, 10, 6, 12, 9, 29, 3, 2, 13, 16, 27, 24, 21, 5, 26, 20, 18, 14, 15, 19, 1, 28]",2785,1.7036934999996447,2022-12-22 00:28:47.822075
"HILL CLIMBER
Neighbourhood type: Swap

n_iter: 30","[1, 6, 5, 26, 9, 12, 28, 8, 23, 27, 13, 21, 2, 20, 25, 7, 11, 22, 14, 17, 18, 29, 3, 10, 4, 15, 19, 16, 24]",2704,2.2476730000016687,2022-12-22 00:28:50.071160
"HILL CLIMBER
Neighbourhood type: Swap

n_iter: 30","[17, 4, 10, 20, 13, 16, 24, 21, 5, 9, 26, 29, 3, 2, 18, 14, 15, 19, 1, 6, 12, 28, 8, 27, 23, 7, 25, 11, 22]",2553,1.716314200002671,2022-12-22 00:28:51.789588
"HILL CLIMBER
Neighbourhood type: Swap

n_iter: 30","[18, 14, 15, 4, 10, 13, 19, 25, 7, 23, 28, 12, 9, 6, 24, 17, 22, 11, 16, 27, 8, 1, 21, 5, 26, 29, 3, 2, 20]",2715,2.3919007999975292,2022-12-22 00:28:54.183156
"HILL CLIMBER
Neighbourhood type: Swap

n_iter: 30","[29, 26, 5, 21, 1, 8, 27, 23, 16, 25, 7, 11, 22, 14, 17, 18, 9, 12, 6, 28, 24, 13, 19, 15, 4, 10, 20, 2, 3]",2445,3.0936765000005835,2022-12-22 00:28:57.278315
"HILL CLIMBER
Neighbourhood type: Swap

n_iter: 30","[6, 12, 9, 5, 21, 13, 2, 26, 29, 3, 20, 10, 4, 15, 18, 17, 14, 22, 11, 7, 25, 19, 16, 23, 27, 8, 24, 1, 28]",2211,3.036014699999214,2022-12-22 00:29:00.313624
"HILL CLIMBER
Neighbourhood type: Swap

n_iter: 30","[7, 23, 27, 8, 24, 13, 16, 19, 25, 11, 22, 14, 17, 18, 15, 4, 2, 9, 12, 6, 28, 1, 21, 5, 26, 29, 3, 20, 10]",2424,3.069369100001495,2022-12-22 00:29:03.387560
"HILL CLIMBER
Neighbourhood type: Swap

n_iter: 30","[11, 25, 7, 23, 3, 29, 26, 9, 12, 28, 1, 8, 27, 16, 19, 15, 4, 5, 6, 21, 24, 13, 2, 20, 10, 18, 17, 14, 22]",2686,1.8079467999996268,2022-12-22 00:29:32.764041
"HILL CLIMBER
Neighbourhood type: Swap

n_iter: 30","[15, 18, 4, 29, 26, 3, 2, 21, 24, 13, 10, 20, 6, 12, 9, 5, 28, 1, 8, 27, 23, 16, 14, 17, 22, 11, 7, 25, 19]",2644,3.1802092000034463,2022-12-22 00:29:35.946524
"HILL CLIMBER
Neighbourhood type: Swap

n_iter: 30","[20, 10, 4, 18, 17, 22, 14, 15, 21, 28, 6, 12, 9, 5, 26, 29, 3, 2, 1, 8, 23, 7, 25, 11, 19, 16, 27, 24, 13]",2342,3.2818365000021004,2022-12-22 00:29:39.229794
"HILL CLIMBER
Neighbourhood type: Swap

n_iter: 30","[3, 5, 21, 23, 7, 25, 19, 11, 22, 14, 17, 18, 15, 4, 20, 2, 10, 13, 16, 27, 8, 24, 1, 28, 6, 12, 9, 26, 29]",2281,3.150902199999109,2022-12-22 00:29:42.382359
"HILL CLIMBER
Neighbourhood type: Swap

n_iter: 30","[9, 12, 6, 21, 2, 13, 24, 8, 27, 23, 7, 14, 22, 17, 18, 20, 10, 4, 15, 11, 25, 19, 16, 1, 28, 5, 3, 29, 26]",2460,2.699022100001457,2022-12-22 00:29:45.084130
"HILL CLIMBER
Neighbourhood type: Swap

n_iter: 30","[28, 8, 27, 24, 16, 19, 4, 29, 3, 26, 5, 2, 20, 10, 13, 21, 9, 12, 6, 23, 7, 25, 11, 22, 14, 17, 18, 15, 1]",2633,2.52722569999969,2022-12-22 00:29:47.613363
"HILL CLIMBER
Neighbourhood type: Swap

n_iter: 30","[19, 15, 11, 22, 14, 17, 18, 21, 26, 29, 3, 2, 20, 10, 4, 13, 16, 27, 8, 28, 6, 12, 9, 5, 1, 24, 23, 7, 25]",2365,2.2974388000002364,2022-12-22 00:29:49.912212
"HILL CLIMBER
Neighbourhood type: Swap

n_iter: 30","[9, 12, 28, 8, 23, 7, 25, 19, 5, 26, 29, 3, 2, 21, 20, 15, 11, 22, 14, 17, 18, 4, 10, 13, 16, 27, 24, 1, 6]",2445,2.640453100000741,2022-12-22 00:29:52.554144
"HILL CLIMBER
Neighbourhood type: Swap

n_iter: 30","[29, 17, 22, 14, 18, 6, 12, 9, 5, 21, 2, 13, 24, 16, 23, 27, 8, 28, 1, 10, 4, 15, 11, 7, 25, 19, 20, 3, 26]",2841,2.21839849999742,2022-12-22 00:29:54.774203
"HILL CLIMBER
Neighbourhood type: Swap

n_iter: 30","[6, 12, 9, 26, 2, 13, 25, 7, 23, 8, 28, 1, 21, 29, 3, 20, 18, 17, 14, 22, 11, 16, 27, 24, 19, 15, 4, 10, 5]",2661,1.9110345000008238,2022-12-22 00:29:56.687085
"HILL CLIMBER
Neighbourhood type: Swap

n_iter: 30","[22, 17, 18, 15, 11, 25, 7, 19, 4, 24, 8, 1, 21, 20, 2, 5, 26, 29, 3, 13, 16, 23, 27, 28, 6, 12, 9, 10, 14]",2741,2.4638460999995004,2022-12-22 00:30:43.277016
"HILL CLIMBER
Neighbourhood type: Swap

n_iter: 30","[28, 1, 13, 10, 4, 18, 14, 15, 19, 16, 27, 24, 21, 5, 9, 12, 8, 23, 7, 25, 11, 22, 17, 20, 2, 3, 29, 26, 6]",2537,2.310359900002368,2022-12-22 00:32:57.517310
"SIMULATED ANNEALING
Neighbourhood type: Swap

n_iter: 30reduction function: reduce
            alpha: 0.9
            start temperatute: 4.239115827521624","[25, 16, 26, 15, 19, 4, 22, 14, 17, 9, 10, 6, 24, 11, 13, 5, 1, 8, 27, 7, 23, 28, 12, 2, 21, 29, 20, 18, 3]",4740,0.009596100000635488,2022-12-22 00:35:46.519543
"SIMULATED ANNEALING
Neighbourhood type: Swap

n_iter: 30reduction function: reduce
            alpha: 0.9
            start temperatute: 4.239115827521624","[17, 10, 22, 25, 4, 9, 5, 12, 24, 13, 27, 6, 28, 23, 7, 19, 15, 20, 29, 21, 18, 2, 14, 11, 16, 8, 26, 3, 1]",4654,0.011565799999516457,2022-12-22 00:38:23.525530
"SIMULATED ANNEALING
Neighbourhood type: Swap

n_iter: 30reduction function: reduce
            alpha: 0.9
            start temperatute: 4.239115827521624","[18, 6, 5, 2, 10, 22, 4, 9, 12, 26, 28, 3, 29, 21, 1, 24, 11, 16, 25, 17, 8, 27, 20, 15, 19, 7, 13, 23, 14]",4511,0.010196800001722295,2022-12-22 00:38:23.532483
"SIMULATED ANNEALING
Neighbourhood type: Swap

n_iter: 30reduction function: reduce
            alpha: 0.9
            start temperatute: 4.239115827521624","[5, 21, 15, 4, 19, 7, 14, 22, 2, 20, 9, 27, 16, 18, 23, 25, 26, 8, 13, 24, 29, 3, 1, 10, 12, 28, 6, 11, 17]",5018,0.009908799998811446,2022-12-22 00:40:24.954671
"SIMULATED ANNEALING
Neighbourhood type: Swap

n_iter: 30reduction function: reduce
            alpha: 0.9
            start temperatute: 4.239115827521624","[20, 26, 3, 2, 15, 24, 4, 5, 12, 6, 9, 7, 8, 1, 28, 21, 14, 19, 23, 10, 18, 13, 27, 17, 22, 11, 25, 16, 29]",4546,0.00992000000042026,2022-12-22 00:45:23.829944
"SIMULATED ANNEALING
Neighbourhood type: Swap

n_iter: 30reduction function: reduce
            alpha: 0.9
            start temperatute: 4.239115827521624","[24, 8, 12, 9, 29, 27, 7, 25, 4, 28, 1, 14, 18, 3, 5, 10, 11, 17, 22, 23, 6, 2, 21, 26, 20, 19, 15, 13, 16]",4319,0.009846299999480834,2022-12-22 00:45:23.832935
"SIMULATED ANNEALING
Neighbourhood type: Swap

n_iter: 30reduction function: reduce
            alpha: 0.9
            start temperatute: 4.239115827521624","[27, 4, 20, 26, 2, 12, 19, 23, 9, 21, 11, 17, 18, 1, 3, 13, 6, 29, 15, 5, 10, 28, 8, 16, 25, 22, 14, 7, 24]",5116,0.009909500000503613,2022-12-22 00:47:56.866033
"SIMULATED ANNEALING
Neighbourhood type: Swap

n_iter: 30reduction function: reduce
            alpha: 0.9
            start temperatute: 4.239115827521624","[8, 23, 24, 20, 3, 22, 17, 6, 26, 18, 14, 21, 12, 15, 11, 10, 27, 16, 19, 25, 4, 9, 5, 29, 7, 13, 2, 1, 28]",4750,0.00967109999692184,2022-12-22 00:47:56.867031
"SIMULATED ANNEALING
Neighbourhood type: Swap

n_iter: 30reduction function: reduce
            alpha: 0.9
            start temperatute: 4.239115827521624","[28, 12, 5, 26, 29, 14, 20, 3, 9, 23, 7, 27, 10, 13, 4, 22, 15, 16, 18, 11, 6, 8, 24, 25, 17, 19, 21, 1, 2]",4450,0.009841499999311054,2022-12-22 00:48:32.799037
"SIMULATED ANNEALING
Neighbourhood type: Swap

n_iter: 30reduction function: reduce
            alpha: 0.9
            start temperatute: 4.239115827521624","[7, 10, 20, 18, 9, 3, 17, 14, 15, 11, 29, 26, 5, 19, 23, 27, 16, 24, 6, 8, 21, 1, 12, 2, 28, 25, 22, 4, 13]",4496,0.010332400001061615,2022-12-22 00:48:54.586734
"SIMULATED ANNEALING
Neighbourhood type: Swap

n_iter: 30reduction function: reduce
            alpha: 0.9
            start temperatute: 4.239115827521624","[26, 27, 16, 13, 4, 15, 18, 19, 23, 10, 9, 28, 1, 24, 3, 2, 6, 25, 8, 20, 12, 21, 5, 29, 22, 7, 14, 17, 11]",4808,0.010745100000349339,2022-12-22 00:51:43.940782
"SIMULATED ANNEALING
Neighbourhood type: Swap

n_iter: 30reduction function: reduce
            alpha: 0.9
            start temperatute: 4.239115827521624","[1, 21, 28, 8, 27, 10, 16, 23, 7, 24, 13, 5, 9, 12, 6, 2, 25, 15, 19, 11, 17, 18, 3, 26, 4, 20, 29, 22, 14]",4018,0.011031100002583116,2022-12-22 00:51:43.953721
"SIMULATED ANNEALING
Neighbourhood type: Swap

n_iter: 30reduction function: reduce
            alpha: 0.9
            start temperatute: 4.239115827521624","[18, 15, 4, 13, 20, 10, 7, 8, 27, 1, 2, 29, 21, 14, 22, 11, 23, 6, 12, 19, 16, 26, 9, 3, 5, 17, 25, 28, 24]",4405,0.009849300000496441,2022-12-22 00:51:44.009464
"SIMULATED ANNEALING
Neighbourhood type: Swap

n_iter: 30reduction function: reduce
            alpha: 0.9
            start temperatute: 4.239115827521624","[23, 25, 16, 3, 12, 28, 15, 14, 22, 17, 26, 9, 6, 7, 19, 11, 21, 27, 5, 1, 2, 29, 18, 4, 24, 13, 20, 10, 8]",4510,0.00976739999896381,2022-12-22 00:51:44.021431
"SIMULATED ANNEALING
Neighbourhood type: Swap

n_iter: 30reduction function: reduce
            alpha: 0.9
            start temperatute: 4.239115827521624","[25, 14, 2, 28, 24, 1, 16, 22, 29, 20, 13, 23, 11, 18, 10, 8, 27, 15, 19, 17, 4, 26, 3, 5, 6, 9, 12, 21, 7]",4442,0.009584000003087567,2022-12-22 00:51:44.021431
"SIMULATED ANNEALING
Neighbourhood type: Swap

n_iter: 30reduction function: reduce
            alpha: 0.9
            start temperatute: 4.239115827521624","[19, 11, 14, 2, 20, 5, 1, 23, 4, 24, 15, 26, 9, 25, 13, 10, 7, 8, 16, 28, 29, 22, 3, 21, 27, 12, 6, 18, 17]",5300,0.009268199999496574,2022-12-22 00:51:44.033428
"SIMULATED ANNEALING
Neighbourhood type: Swap

n_iter: 30reduction function: reduce
            alpha: 0.9
            start temperatute: 4.239115827521624","[16, 3, 8, 13, 4, 10, 22, 25, 19, 18, 11, 20, 7, 27, 6, 9, 12, 1, 21, 15, 14, 17, 26, 2, 5, 29, 28, 23, 24]",4374,0.00948929999867687,2022-12-22 00:51:44.034400
"SIMULATED ANNEALING
Neighbourhood type: Swap

n_iter: 30reduction function: reduce
            alpha: 0.9
            start temperatute: 4.239115827521624","[12, 2, 17, 20, 13, 9, 26, 5, 25, 19, 15, 8, 16, 23, 29, 3, 18, 22, 27, 4, 14, 11, 7, 1, 21, 10, 24, 28, 6]",4486,0.009517300000879914,2022-12-22 00:51:44.045396
"SIMULATED ANNEALING
Neighbourhood type: Swap

n_iter: 30reduction function: reduce
            alpha: 0.9
            start temperatute: 4.239115827521624","[6, 12, 28, 2, 19, 15, 20, 21, 3, 9, 11, 13, 25, 27, 18, 5, 29, 14, 17, 7, 8, 24, 26, 10, 22, 23, 16, 1, 4]",5181,0.009736500000144588,2022-12-22 00:51:44.047363
"SIMULATED ANNEALING
Neighbourhood type: Swap

n_iter: 30reduction function: reduce
            alpha: 0.9
            start temperatute: 4.239115827521624","[4, 14, 19, 7, 25, 24, 1, 5, 11, 16, 6, 27, 8, 13, 26, 12, 23, 15, 22, 10, 2, 28, 29, 20, 18, 17, 3, 9, 21]",4780,0.009502799999609124,2022-12-22 00:51:44.057335
"SIMULATED ANNEALING
Neighbourhood type: Swap

n_iter: 30reduction function: reduce
            alpha: 0.9
            start temperatute: 4.239115827521624","[5, 23, 17, 10, 19, 29, 8, 16, 15, 20, 4, 7, 25, 2, 13, 24, 22, 11, 3, 28, 14, 18, 27, 26, 12, 9, 6, 1, 21]",5184,0.009698900001239963,2022-12-22 00:55:36.703483
"SIMULATED ANNEALING
Neighbourhood type: Swap

n_iter: 30reduction function: reduce
            alpha: 0.9
            start temperatute: 4.239115827521624","[8, 27, 29, 26, 9, 24, 28, 22, 17, 18, 11, 7, 23, 10, 15, 14, 1, 12, 16, 19, 3, 6, 2, 5, 25, 20, 13, 21, 4]",4768,0.009864300001936499,2022-12-22 00:55:36.709468
"SIMULATED ANNEALING
Neighbourhood type: Swap

n_iter: 30reduction function: reduce
            alpha: 0.9
            start temperatute: 4.239115827521624","[5, 29, 6, 8, 24, 7, 27, 14, 4, 20, 26, 17, 22, 15, 18, 9, 3, 2, 11, 10, 21, 13, 12, 1, 28, 19, 25, 16, 23]",4596,0.009234300003299722,2022-12-22 00:55:36.765318
"SIMULATED ANNEALING
Neighbourhood type: Swap

n_iter: 30reduction function: reduce
            alpha: 0.9
            start temperatute: 4.239115827521624","[2, 5, 26, 29, 23, 25, 4, 9, 12, 19, 15, 18, 10, 24, 28, 6, 1, 21, 27, 8, 13, 16, 7, 20, 3, 11, 22, 14, 17]",4148,0.01284490000034566,2022-12-22 00:55:36.774318
"SIMULATED ANNEALING
Neighbourhood type: Swap

n_iter: 30reduction function: reduce
            alpha: 0.9
            start temperatute: 4.239115827521624","[26, 2, 25, 7, 4, 1, 6, 10, 21, 3, 29, 22, 23, 8, 27, 24, 11, 19, 18, 16, 20, 13, 12, 28, 15, 17, 14, 9, 5]",4426,0.015284400000382448,2022-12-22 00:55:36.782308
"SIMULATED ANNEALING
Neighbourhood type: Swap

n_iter: 30reduction function: reduce
            alpha: 0.9
            start temperatute: 4.239115827521624","[14, 9, 8, 3, 29, 23, 6, 26, 12, 24, 13, 20, 5, 2, 22, 1, 19, 16, 21, 7, 25, 27, 28, 11, 17, 4, 15, 18, 10]",5171,0.010755899998912355,2022-12-22 00:55:36.788285
"SIMULATED ANNEALING
Neighbourhood type: Swap

n_iter: 30reduction function: reduce
            alpha: 0.9
            start temperatute: 4.239115827521624","[19, 2, 29, 3, 23, 14, 22, 18, 1, 8, 24, 26, 9, 13, 10, 5, 16, 28, 21, 15, 7, 27, 17, 12, 6, 20, 11, 25, 4]",4815,0.009138199999142671,2022-12-22 00:55:36.794264
"SIMULATED ANNEALING
Neighbourhood type: Swap

n_iter: 30reduction function: reduce
            alpha: 0.9
            start temperatute: 4.239115827521624","[20, 6, 23, 21, 13, 24, 4, 26, 5, 15, 1, 8, 28, 12, 9, 29, 22, 18, 27, 2, 3, 10, 14, 7, 19, 17, 11, 25, 16]",4663,0.009112200001254678,2022-12-22 00:55:36.799255
"SIMULATED ANNEALING
Neighbourhood type: Swap

n_iter: 30reduction function: reduce
            alpha: 0.9
            start temperatute: 4.239115827521624","[10, 7, 17, 1, 14, 18, 20, 12, 4, 16, 27, 13, 11, 22, 15, 19, 24, 2, 29, 8, 25, 23, 28, 26, 3, 5, 6, 9, 21]",4544,0.009424700001545716,2022-12-22 00:55:36.805240
"SIMULATED ANNEALING
Neighbourhood type: Swap

n_iter: 30reduction function: reduce
            alpha: 0.9
            start temperatute: 4.239115827521624","[11, 21, 29, 16, 1, 13, 5, 6, 28, 3, 23, 24, 17, 15, 9, 26, 2, 10, 20, 7, 8, 12, 27, 25, 14, 18, 22, 4, 19]",4662,0.009156899999652524,2022-12-22 00:55:36.811225
"SIMULATED ANNEALING
Neighbourhood type: Swap

n_iter: 30reduction function: reduce
            alpha: 0.9
            start temperatute: 4.239115827521624","[28, 6, 15, 25, 8, 16, 24, 21, 27, 23, 17, 11, 1, 4, 19, 13, 29, 9, 5, 20, 7, 10, 18, 14, 22, 12, 26, 2, 3]",4672,0.010084199999255361,2022-12-22 00:56:14.644151
"SIMULATED ANNEALING
Neighbourhood type: Swap

n_iter: 30reduction function: reduce
            alpha: 0.9
            start temperatute: 4.239115827521624","[2, 1, 12, 28, 3, 18, 17, 19, 11, 16, 27, 10, 8, 25, 24, 29, 5, 9, 21, 4, 26, 14, 7, 23, 20, 13, 15, 22, 6]",4915,0.013270699997519841,2022-12-22 00:56:14.654446
"SIMULATED ANNEALING
Neighbourhood type: Swap

n_iter: 30reduction function: reduce
            alpha: 0.9
            start temperatute: 4.239115827521624","[20, 25, 19, 14, 17, 18, 4, 28, 29, 26, 15, 22, 11, 9, 12, 24, 16, 5, 3, 2, 6, 8, 7, 13, 10, 1, 27, 23, 21]",4286,0.00966109999717446,2022-12-22 00:56:14.706780
"SIMULATED ANNEALING
Neighbourhood type: Swap

n_iter: 30reduction function: reduce
            alpha: 0.9
            start temperatute: 4.239115827521624","[29, 12, 6, 5, 9, 28, 21, 7, 19, 25, 23, 13, 2, 10, 15, 14, 17, 24, 3, 8, 1, 18, 4, 20, 27, 11, 22, 16, 26]",4386,0.009358800001791678,2022-12-22 00:56:14.715727
"SIMULATED ANNEALING
Neighbourhood type: Swap

n_iter: 30reduction function: reduce
            alpha: 0.9
            start temperatute: 4.239115827521624","[24, 2, 14, 23, 27, 7, 19, 1, 3, 13, 22, 26, 4, 12, 21, 5, 29, 9, 17, 28, 6, 15, 18, 20, 16, 11, 25, 10, 8]",5475,0.009654400000727037,2022-12-22 00:56:14.718900
"SIMULATED ANNEALING
Neighbourhood type: Swap

n_iter: 30reduction function: reduce
            alpha: 0.9
            start temperatute: 4.239115827521624","[7, 5, 9, 17, 19, 21, 6, 28, 8, 16, 18, 10, 1, 20, 22, 14, 15, 12, 23, 2, 3, 29, 26, 27, 24, 13, 25, 4, 11]",4559,0.009523599997919519,2022-12-22 00:56:14.726906
"SIMULATED ANNEALING
Neighbourhood type: Swap

n_iter: 30reduction function: reduce
            alpha: 0.9
            start temperatute: 4.239115827521624","[23, 16, 20, 15, 25, 19, 27, 12, 1, 8, 24, 11, 14, 17, 26, 2, 13, 18, 10, 6, 3, 5, 4, 22, 7, 21, 29, 9, 28]",4551,0.009289900001022033,2022-12-22 00:56:14.729870
"SIMULATED ANNEALING
Neighbourhood type: Swap

n_iter: 30reduction function: reduce
            alpha: 0.9
            start temperatute: 4.239115827521624","[6, 25, 7, 11, 3, 4, 17, 15, 13, 27, 9, 28, 21, 26, 12, 8, 16, 24, 29, 14, 18, 22, 5, 1, 10, 20, 19, 23, 2]",5085,0.00920609999957378,2022-12-22 00:56:14.738768
"SIMULATED ANNEALING
Neighbourhood type: Swap

n_iter: 30reduction function: reduce
            alpha: 0.9
            start temperatute: 4.239115827521624","[22, 20, 17, 18, 3, 9, 12, 5, 14, 15, 10, 11, 21, 29, 26, 23, 1, 6, 27, 16, 7, 19, 8, 28, 2, 24, 13, 25, 4]",4528,0.009628799998608883,2022-12-22 00:56:14.741762
"SIMULATED ANNEALING
Neighbourhood type: Swap

n_iter: 30reduction function: reduce
            alpha: 0.9
            start temperatute: 4.239115827521624","[8, 6, 9, 27, 20, 11, 19, 3, 26, 10, 4, 14, 18, 17, 25, 15, 22, 7, 1, 29, 24, 21, 2, 13, 16, 12, 5, 28, 23]",4467,0.009224000001267996,2022-12-22 00:56:14.750433
"SIMULATED ANNEALING
Neighbourhood type: Swap

n_iter: 30reduction function: reduce
            alpha: 0.9
            start temperatute: 4.239115827521624","[7, 6, 9, 18, 22, 17, 27, 1, 8, 16, 25, 24, 21, 13, 26, 28, 12, 20, 15, 4, 14, 11, 5, 29, 3, 10, 23, 2, 19]",4617,0.009995899999921676,2022-12-22 00:57:39.102260
"SIMULATED ANNEALING
Neighbourhood type: Swap

n_iter: 30reduction function: reduce
            alpha: 0.9
            start temperatute: 4.239115827521624","[4, 2, 27, 24, 15, 28, 17, 14, 20, 3, 5, 13, 11, 10, 9, 26, 16, 8, 25, 7, 23, 1, 6, 12, 29, 21, 19, 22, 18]",4562,0.010346699997171527,2022-12-22 00:57:39.123204
"SIMULATED ANNEALING
Neighbourhood type: Swap

n_iter: 30reduction function: reduce
            alpha: 0.9
            start temperatute: 4.239115827521624","[2, 3, 10, 14, 1, 24, 29, 12, 26, 22, 17, 23, 28, 9, 6, 4, 15, 18, 21, 8, 7, 16, 13, 27, 5, 20, 19, 25, 11]",4952,0.009330900000350084,2022-12-22 00:57:39.163098
"SIMULATED ANNEALING
Neighbourhood type: Swap

n_iter: 30reduction function: reduce
            alpha: 0.9
            start temperatute: 4.239115827521624","[28, 29, 23, 12, 6, 3, 5, 27, 8, 21, 14, 22, 26, 20, 4, 18, 17, 7, 10, 2, 19, 9, 15, 13, 24, 16, 25, 11, 1]",5008,0.011789399999543093,2022-12-22 00:57:39.177060
"SIMULATED ANNEALING
Neighbourhood type: Swap

n_iter: 30reduction function: reduce
            alpha: 0.9
            start temperatute: 4.239115827521624","[26, 5, 9, 20, 19, 25, 16, 23, 6, 12, 8, 7, 11, 17, 18, 1, 14, 13, 24, 2, 27, 3, 21, 29, 10, 15, 22, 4, 28]",4584,0.010453300001245225,2022-12-22 00:57:39.183044
"SIMULATED ANNEALING
Neighbourhood type: Swap

n_iter: 30reduction function: reduce
            alpha: 0.9
            start temperatute: 4.239115827521624","[6, 28, 1, 24, 11, 22, 23, 8, 29, 5, 26, 9, 18, 20, 10, 4, 17, 14, 2, 13, 19, 15, 16, 21, 12, 25, 7, 27, 3]",4294,0.00918680000177119,2022-12-22 00:57:39.188030
"SIMULATED ANNEALING
Neighbourhood type: Swap

n_iter: 30reduction function: reduce
            alpha: 0.9
            start temperatute: 4.239115827521624","[4, 10, 25, 8, 16, 26, 12, 9, 7, 11, 15, 24, 23, 17, 20, 6, 1, 28, 3, 2, 29, 5, 27, 19, 18, 14, 22, 21, 13]",4498,0.009505699999863282,2022-12-22 00:57:39.195041
"SIMULATED ANNEALING
Neighbourhood type: Swap

n_iter: 30reduction function: reduce
            alpha: 0.9
            start temperatute: 4.239115827521624","[11, 14, 16, 24, 27, 20, 19, 1, 4, 15, 10, 12, 9, 5, 13, 28, 23, 7, 6, 18, 17, 21, 29, 3, 26, 8, 2, 22, 25]",4617,0.009154999999736901,2022-12-22 00:57:39.200027
"SIMULATED ANNEALING
Neighbourhood type: Swap

n_iter: 30reduction function: reduce
            alpha: 0.9
            start temperatute: 4.239115827521624","[13, 10, 27, 7, 29, 15, 8, 12, 6, 25, 16, 24, 11, 4, 18, 14, 17, 2, 21, 3, 5, 9, 26, 28, 19, 20, 22, 1, 23]",4751,0.009577500000887085,2022-12-22 00:57:39.206981
"SIMULATED ANNEALING
Neighbourhood type: Swap

n_iter: 30reduction function: reduce
            alpha: 0.9
            start temperatute: 4.239115827521624","[19, 4, 15, 20, 2, 11, 25, 3, 9, 21, 12, 8, 1, 24, 27, 28, 16, 6, 13, 10, 29, 26, 5, 22, 18, 23, 7, 17, 14]",4303,0.009210200001689373,2022-12-22 00:57:39.210997
"SIMULATED ANNEALING
Neighbourhood type: Swap

n_iter: 30reduction function: reduce
            alpha: 0.9
            start temperatute: 4.239115827521624","[25, 22, 2, 20, 4, 17, 18, 1, 10, 21, 5, 24, 15, 19, 14, 13, 23, 7, 11, 16, 26, 3, 12, 28, 27, 6, 29, 9, 8]",4700,0.014924699997209245,2022-12-22 00:57:48.008949
"SIMULATED ANNEALING
Neighbourhood type: Swap

n_iter: 30reduction function: reduce
            alpha: 0.9
            start temperatute: 4.239115827521624","[5, 24, 29, 23, 18, 14, 11, 19, 7, 21, 26, 2, 1, 27, 12, 9, 10, 6, 8, 16, 15, 20, 13, 28, 25, 4, 22, 17, 3]",4792,0.015103700003237464,2022-12-22 00:57:48.023908
"SIMULATED ANNEALING
Neighbourhood type: Swap

n_iter: 30reduction function: reduce
            alpha: 0.9
            start temperatute: 4.239115827521624","[6, 13, 4, 11, 17, 28, 26, 27, 8, 29, 21, 20, 1, 5, 15, 25, 24, 3, 19, 10, 2, 18, 16, 7, 23, 22, 14, 9, 12]",5099,0.019296200000098906,2022-12-22 00:57:48.061807
"SIMULATED ANNEALING
Neighbourhood type: Swap

n_iter: 30reduction function: reduce
            alpha: 0.9
            start temperatute: 4.239115827521624","[23, 15, 19, 16, 7, 17, 29, 27, 11, 25, 1, 9, 8, 26, 2, 24, 21, 10, 4, 13, 5, 6, 12, 28, 20, 3, 18, 22, 14]",4742,0.01788970000052359,2022-12-22 00:57:48.077764
"SIMULATED ANNEALING
Neighbourhood type: Swap

n_iter: 30reduction function: reduce
            alpha: 0.9
            start temperatute: 4.239115827521624","[25, 23, 13, 2, 9, 12, 21, 5, 15, 14, 18, 17, 19, 4, 8, 24, 3, 29, 20, 11, 22, 27, 26, 6, 10, 1, 28, 16, 7]",4051,0.01177559999996447,2022-12-22 00:57:48.121648
"SIMULATED ANNEALING
Neighbourhood type: Swap

n_iter: 30reduction function: reduce
            alpha: 0.9
            start temperatute: 4.239115827521624","[17, 1, 6, 9, 27, 4, 18, 21, 19, 14, 24, 11, 10, 20, 22, 7, 25, 2, 28, 29, 3, 26, 12, 5, 13, 23, 8, 16, 15]",4640,0.01708350000262726,2022-12-22 00:57:48.131621
"SIMULATED ANNEALING
Neighbourhood type: Swap

n_iter: 30reduction function: reduce
            alpha: 0.9
            start temperatute: 4.239115827521624","[16, 2, 27, 10, 29, 3, 26, 7, 11, 13, 12, 28, 25, 19, 9, 6, 5, 4, 14, 22, 18, 1, 24, 8, 20, 15, 17, 21, 23]",4665,0.011089700001321035,2022-12-22 00:57:48.173508
"SIMULATED ANNEALING
Neighbourhood type: Swap

n_iter: 30reduction function: reduce
            alpha: 0.9
            start temperatute: 4.239115827521624","[5, 2, 12, 20, 13, 29, 21, 10, 16, 3, 1, 28, 19, 11, 7, 24, 26, 14, 15, 22, 18, 27, 17, 4, 23, 25, 8, 6, 9]",4847,0.010516800000914373,2022-12-22 00:57:48.175503
"SIMULATED ANNEALING
Neighbourhood type: Swap

n_iter: 30reduction function: reduce
            alpha: 0.9
            start temperatute: 4.239115827521624","[20, 1, 29, 26, 5, 9, 12, 7, 15, 8, 25, 19, 18, 17, 10, 24, 27, 23, 13, 6, 28, 3, 22, 4, 11, 2, 14, 16, 21]",4617,0.010518999999476364,2022-12-22 00:57:48.175503
"SIMULATED ANNEALING
Neighbourhood type: Swap

n_iter: 30reduction function: reduce
            alpha: 0.9
            start temperatute: 4.239115827521624","[9, 26, 10, 27, 22, 23, 25, 11, 18, 16, 13, 24, 8, 7, 4, 15, 14, 17, 5, 3, 12, 28, 6, 1, 19, 29, 20, 2, 21]",4374,0.010622300000250107,2022-12-22 00:57:48.182484
"SIMULATED ANNEALING
Neighbourhood type: Swap

n_iter: 30reduction function: reduce
            alpha: 0.9
            start temperatute: 4.239115827521624","[23, 24, 10, 17, 15, 20, 2, 29, 16, 4, 3, 28, 1, 9, 27, 13, 19, 5, 21, 26, 7, 14, 12, 6, 8, 25, 11, 22, 18]",4981,0.010052200002974132,2022-12-22 00:57:54.076162
"SIMULATED ANNEALING
Neighbourhood type: Swap

n_iter: 30reduction function: reduce
            alpha: 0.9
            start temperatute: 4.239115827521624","[16, 22, 21, 20, 4, 12, 26, 23, 15, 14, 19, 5, 10, 7, 25, 17, 11, 27, 8, 6, 13, 1, 24, 28, 9, 2, 18, 3, 29]",5070,0.013421999999991385,2022-12-22 00:57:54.090125
"SIMULATED ANNEALING
Neighbourhood type: Swap

n_iter: 30reduction function: reduce
            alpha: 0.9
            start temperatute: 4.239115827521624","[26, 16, 22, 23, 1, 3, 29, 20, 4, 13, 19, 24, 15, 25, 14, 9, 6, 18, 27, 21, 12, 5, 28, 8, 2, 10, 17, 11, 7]",5167,0.009566299999278272,2022-12-22 00:57:54.138995
"SIMULATED ANNEALING
Neighbourhood type: Swap

n_iter: 30reduction function: reduce
            alpha: 0.9
            start temperatute: 4.239115827521624","[26, 1, 3, 6, 5, 12, 8, 15, 25, 17, 14, 22, 28, 24, 27, 23, 7, 20, 11, 29, 4, 19, 10, 16, 9, 2, 13, 18, 21]",4789,0.009321099998487625,2022-12-22 00:57:54.149966
"SIMULATED ANNEALING
Neighbourhood type: Swap

n_iter: 30reduction function: reduce
            alpha: 0.9
            start temperatute: 4.239115827521624","[3, 25, 19, 11, 4, 18, 14, 21, 10, 15, 22, 9, 6, 5, 7, 23, 13, 17, 29, 26, 24, 28, 12, 8, 27, 2, 16, 20, 1]",4824,0.009845500000665197,2022-12-22 00:57:54.150964
"SIMULATED ANNEALING
Neighbourhood type: Swap

n_iter: 30reduction function: reduce
            alpha: 0.9
            start temperatute: 4.239115827521624","[25, 7, 11, 14, 2, 26, 19, 15, 22, 17, 24, 16, 28, 6, 12, 3, 29, 1, 4, 18, 27, 23, 20, 10, 5, 8, 13, 21, 9]",4381,0.009205800000927411,2022-12-22 00:57:54.160937
"SIMULATED ANNEALING
Neighbourhood type: Swap

n_iter: 30reduction function: reduce
            alpha: 0.9
            start temperatute: 4.239115827521624","[24, 8, 12, 10, 3, 18, 22, 25, 16, 21, 1, 23, 14, 20, 17, 11, 19, 2, 15, 7, 28, 27, 13, 9, 26, 4, 29, 5, 6]",4928,0.009420500002306653,2022-12-22 00:57:54.162931
"SIMULATED ANNEALING
Neighbourhood type: Swap

n_iter: 30reduction function: reduce
            alpha: 0.9
            start temperatute: 4.239115827521624","[5, 24, 10, 15, 13, 26, 20, 17, 22, 3, 14, 19, 6, 8, 23, 7, 18, 29, 21, 11, 12, 9, 28, 27, 16, 1, 25, 4, 2]",5155,0.009395999997650506,2022-12-22 00:57:54.172905
"SIMULATED ANNEALING
Neighbourhood type: Swap

n_iter: 30reduction function: reduce
            alpha: 0.9
            start temperatute: 4.239115827521624","[6, 29, 13, 4, 3, 21, 22, 11, 28, 12, 26, 5, 24, 20, 9, 7, 14, 17, 8, 23, 27, 18, 1, 15, 19, 16, 25, 2, 10]",5356,0.00931720000153291,2022-12-22 00:57:54.173902
"SIMULATED ANNEALING
Neighbourhood type: Swap

n_iter: 30reduction function: reduce
            alpha: 0.9
            start temperatute: 4.239115827521624","[13, 17, 8, 12, 6, 23, 16, 14, 22, 1, 10, 29, 9, 21, 2, 7, 3, 18, 4, 11, 15, 25, 27, 24, 28, 26, 5, 20, 19]",4838,0.0091381000020192,2022-12-22 00:57:54.183902
"SIMULATED ANNEALING
Neighbourhood type: Swap

n_iter: 30reduction function: reduce
            alpha: 0.9
            start temperatute: 4.239115827521624","[14, 22, 13, 8, 19, 15, 12, 28, 23, 5, 4, 10, 17, 7, 11, 1, 9, 29, 26, 27, 24, 16, 2, 20, 25, 6, 21, 3, 18]",4868,0.013417499998467974,2022-12-22 00:58:01.511950
"SIMULATED ANNEALING
Neighbourhood type: Swap

n_iter: 30reduction function: reduce
            alpha: 0.9
            start temperatute: 4.239115827521624","[17, 27, 22, 15, 19, 7, 23, 16, 24, 4, 11, 25, 26, 13, 18, 1, 8, 12, 10, 14, 9, 5, 29, 21, 28, 6, 20, 2, 3]",4845,0.01407900000049267,2022-12-22 00:58:01.530900
"SIMULATED ANNEALING
Neighbourhood type: Swap

n_iter: 30reduction function: reduce
            alpha: 0.9
            start temperatute: 4.239115827521624","[28, 20, 22, 14, 13, 19, 2, 23, 24, 25, 15, 29, 26, 10, 11, 9, 8, 12, 5, 3, 27, 16, 7, 18, 4, 17, 6, 1, 21]",4939,0.015796199997566873,2022-12-22 00:58:01.608691
"SIMULATED ANNEALING
Neighbourhood type: Swap

n_iter: 30reduction function: reduce
            alpha: 0.9
            start temperatute: 4.239115827521624","[6, 13, 21, 11, 10, 26, 5, 1, 16, 23, 15, 14, 20, 18, 4, 17, 9, 12, 24, 8, 28, 2, 3, 29, 27, 19, 7, 25, 22]",4508,0.014620299996749964,2022-12-22 00:58:01.640607
"SIMULATED ANNEALING
Neighbourhood type: Swap

n_iter: 30reduction function: reduce
            alpha: 0.9
            start temperatute: 4.239115827521624","[22, 17, 4, 13, 18, 11, 21, 5, 15, 16, 19, 20, 6, 29, 2, 26, 12, 1, 9, 28, 24, 27, 14, 25, 23, 7, 8, 3, 10]",4462,0.012292100000195205,2022-12-22 00:58:01.646592
"SIMULATED ANNEALING
Neighbourhood type: Swap

n_iter: 30reduction function: reduce
            alpha: 0.9
            start temperatute: 4.239115827521624","[28, 9, 26, 15, 22, 20, 10, 23, 16, 1, 6, 24, 11, 19, 4, 17, 25, 18, 14, 13, 2, 3, 29, 7, 27, 12, 8, 5, 21]",4460,0.010461499998200452,2022-12-22 00:58:01.702440
"SIMULATED ANNEALING
Neighbourhood type: Swap

n_iter: 30reduction function: reduce
            alpha: 0.9
            start temperatute: 4.239115827521624","[25, 19, 16, 4, 15, 7, 8, 27, 28, 2, 29, 5, 6, 21, 3, 1, 9, 12, 14, 22, 24, 17, 18, 20, 10, 26, 23, 13, 11]",4281,0.01757540000107838,2022-12-22 00:58:01.707427
"SIMULATED ANNEALING
Neighbourhood type: Swap

n_iter: 30reduction function: reduce
            alpha: 0.9
            start temperatute: 4.239115827521624","[22, 20, 13, 2, 24, 6, 4, 19, 25, 7, 16, 23, 11, 17, 9, 28, 29, 18, 15, 27, 8, 26, 5, 21, 10, 12, 3, 1, 14]",4701,0.01061649999974179,2022-12-22 00:58:01.735355
"SIMULATED ANNEALING
Neighbourhood type: Swap

n_iter: 30reduction function: reduce
            alpha: 0.9
            start temperatute: 4.239115827521624","[5, 18, 20, 12, 23, 7, 15, 9, 29, 26, 6, 28, 11, 4, 25, 22, 13, 27, 24, 1, 10, 2, 21, 3, 8, 16, 19, 17, 14]",4671,0.010565100001258543,2022-12-22 00:58:01.760286
"SIMULATED ANNEALING
Neighbourhood type: Swap

n_iter: 30reduction function: reduce
            alpha: 0.9
            start temperatute: 4.239115827521624","[14, 18, 28, 8, 27, 23, 7, 25, 5, 6, 2, 1, 4, 16, 24, 19, 11, 26, 12, 9, 29, 15, 20, 10, 17, 22, 3, 21, 13]",4278,0.010252000000036787,2022-12-22 00:58:01.780232
"HILL CLIMBER
Neighbourhood type: Swap

n_iter: 30","[19, 14, 22, 11, 25, 7, 23, 16, 1, 26, 29, 3, 2, 21, 24, 27, 8, 28, 6, 12, 9, 5, 20, 18, 17, 15, 4, 10, 13]",2586,1.941249900002731,2022-12-22 00:58:12.399455
"HILL CLIMBER
Neighbourhood type: Swap

n_iter: 30","[2, 5, 28, 1, 21, 13, 24, 8, 27, 23, 7, 25, 16, 19, 11, 22, 14, 17, 18, 15, 4, 10, 20, 6, 12, 9, 26, 29, 3]",2261,2.7658382000008714,2022-12-22 00:58:15.168760
"HILL CLIMBER
Neighbourhood type: Swap

n_iter: 30","[19, 11, 22, 17, 14, 25, 7, 23, 27, 24, 3, 29, 26, 21, 1, 8, 28, 6, 12, 9, 5, 2, 18, 15, 4, 10, 20, 13, 16]",2554,2.175809100001061,2022-12-22 00:58:17.345962
"HILL CLIMBER
Neighbourhood type: Swap

n_iter: 30","[7, 23, 8, 28, 1, 24, 27, 16, 13, 21, 6, 12, 9, 5, 26, 29, 3, 2, 20, 10, 4, 18, 17, 14, 22, 11, 15, 19, 25]",2122,2.7705411999995704,2022-12-22 00:58:20.118517
"HILL CLIMBER
Neighbourhood type: Swap

n_iter: 30","[11, 22, 14, 17, 18, 15, 4, 21, 1, 28, 6, 12, 9, 5, 26, 29, 3, 2, 20, 10, 13, 19, 25, 16, 24, 8, 27, 23, 7]",2190,2.4333929999993416,2022-12-22 00:58:22.554027
"HILL CLIMBER
Neighbourhood type: Swap

n_iter: 30","[22, 11, 19, 13, 21, 5, 2, 20, 10, 4, 25, 7, 23, 1, 3, 29, 26, 9, 12, 6, 28, 8, 27, 24, 16, 15, 18, 17, 14]",2452,2.319140799998422,2022-12-22 00:58:24.874974
"HILL CLIMBER
Neighbourhood type: Swap

n_iter: 30","[6, 13, 11, 7, 25, 19, 16, 24, 1, 3, 29, 26, 5, 9, 28, 8, 23, 27, 21, 2, 20, 18, 17, 22, 14, 15, 4, 10, 12]",2756,1.8708619999997609,2022-12-22 00:58:26.748071
"HILL CLIMBER
Neighbourhood type: Swap

n_iter: 30","[6, 20, 10, 4, 13, 24, 27, 23, 7, 25, 15, 18, 17, 14, 22, 11, 19, 16, 8, 28, 1, 21, 2, 3, 29, 26, 5, 9, 12]",2227,2.4795011000023806,2022-12-22 00:58:29.229024
"HILL CLIMBER
Neighbourhood type: Swap

n_iter: 30","[13, 10, 20, 4, 15, 14, 22, 17, 18, 2, 21, 6, 5, 26, 3, 29, 9, 12, 28, 23, 7, 25, 11, 19, 27, 8, 1, 24, 16]",2506,1.8664786999979697,2022-12-22 00:58:31.097403
"HILL CLIMBER
Neighbourhood type: Swap

n_iter: 30","[22, 17, 18, 15, 11, 7, 25, 4, 2, 29, 3, 20, 10, 13, 5, 9, 26, 21, 24, 27, 23, 8, 28, 12, 6, 1, 16, 19, 14]",2710,1.8200474999975995,2022-12-22 00:58:32.916032
"HILL CLIMBER
Neighbourhood type: Swap

n_iter: 30","[1, 5, 9, 26, 29, 3, 2, 21, 6, 12, 28, 8, 23, 7, 25, 16, 19, 15, 11, 22, 14, 17, 18, 4, 20, 10, 13, 27, 24]",2270,3.4098981999995885,2022-12-22 00:59:09.791543
"HILL CLIMBER
Neighbourhood type: Swap

n_iter: 30","[21, 26, 3, 29, 18, 17, 22, 14, 6, 12, 9, 5, 2, 20, 10, 15, 4, 13, 24, 27, 16, 19, 11, 25, 7, 23, 8, 28, 1]",2654,3.4107765999979165,2022-12-22 00:59:09.791543
"HILL CLIMBER
Neighbourhood type: Swap

n_iter: 30","[25, 11, 4, 13, 24, 27, 8, 28, 1, 21, 5, 2, 3, 29, 26, 9, 12, 6, 20, 10, 14, 22, 17, 18, 15, 19, 16, 23, 7]",2382,4.136050000000978,2022-12-22 00:59:10.516603
"HILL CLIMBER
Neighbourhood type: Swap

n_iter: 30","[22, 14, 17, 18, 15, 4, 16, 24, 21, 2, 3, 29, 26, 5, 9, 12, 6, 28, 1, 20, 10, 13, 8, 27, 23, 7, 25, 19, 11]",2227,4.275602499998058,2022-12-22 00:59:10.657227
"HILL CLIMBER
Neighbourhood type: Swap

n_iter: 30","[7, 25, 19, 4, 10, 20, 2, 26, 3, 29, 18, 17, 14, 22, 11, 15, 21, 5, 9, 12, 13, 16, 27, 24, 1, 6, 28, 8, 23]",2591,4.40259039999728,2022-12-22 00:59:10.782890
"HILL CLIMBER
Neighbourhood type: Swap

n_iter: 30","[23, 27, 16, 13, 11, 22, 14, 4, 24, 8, 28, 12, 9, 6, 1, 21, 10, 20, 2, 3, 29, 26, 5, 17, 18, 15, 19, 25, 7]",2666,4.482349599998997,2022-12-22 00:59:10.861679
"HILL CLIMBER
Neighbourhood type: Swap

n_iter: 30","[20, 3, 29, 26, 5, 9, 12, 6, 28, 1, 8, 27, 16, 13, 2, 21, 24, 23, 7, 25, 19, 11, 22, 14, 17, 18, 15, 4, 10]",2152,4.636139899997943,2022-12-22 00:59:11.014272
"HILL CLIMBER
Neighbourhood type: Swap

n_iter: 30","[14, 17, 18, 20, 10, 4, 15, 19, 25, 7, 23, 27, 8, 28, 12, 6, 1, 24, 16, 13, 2, 3, 29, 26, 9, 5, 21, 11, 22]",2357,5.057154000001901,2022-12-22 00:59:11.436143
"HILL CLIMBER
Neighbourhood type: Swap

n_iter: 30","[4, 15, 25, 7, 23, 8, 1, 28, 6, 12, 9, 5, 26, 3, 29, 18, 17, 14, 22, 11, 19, 16, 27, 24, 21, 2, 20, 10, 13]",2314,3.4174669000021822,2022-12-22 00:59:11.899902
"HILL CLIMBER
Neighbourhood type: Swap

n_iter: 30","[7, 11, 22, 14, 17, 18, 15, 21, 5, 9, 12, 28, 6, 26, 29, 3, 2, 1, 24, 13, 20, 10, 4, 19, 25, 16, 27, 8, 23]",2465,4.0127630999995745,2022-12-22 00:59:12.556171
"HILL CLIMBER
Neighbourhood type: Swap

n_iter: 1","[68, 47, 39, 36, 123, 56, 76, 23, 19, 31, 5, 82, 118, 13, 125, 104, 52, 124, 65, 49, 116, 83, 51, 17, 41, 120, 42, 11, 18, 121, 37, 72, 26, 100, 34, 85, 81, 16, 29, 102, 75, 66, 69, 74, 43, 127, 106, 3, 58, 28, 71, 63, 86, 91, 89, 61, 99, 92, 10, 90, 87, 126, 103, 15, 40, 93, 35, 25, 22, 112, 62, 59, 64, 107, 122, 54, 105, 50, 48, 96, 84, 1, 77, 55, 27, 73, 111, 24, 98, 33, 53, 113, 110, 114, 9, 7, 101, 97, 14, 4, 70, 95, 94, 88, 117, 67, 45, 8, 44, 20, 60, 115, 32, 30, 119, 2, 78, 80, 38, 46, 21, 6, 79, 57, 108, 12, 109]",588801.2400138513,9.032523099999963,2022-12-22 17:53:58.458504
"HILL CLIMBER
Neighbourhood type: Swap

n_iter: 1","[3, 104, 109, 99, 38, 56, 28, 10, 118, 46, 50, 63, 4, 116, 101, 17, 124, 115, 39, 95, 76, 13, 41, 123, 68, 30, 88, 78, 74, 16, 35, 64, 52, 14, 25, 26, 77, 86, 65, 127, 83, 33, 103, 47, 7, 110, 24, 84, 79, 58, 72, 80, 112, 73, 15, 91, 82, 107, 114, 45, 102, 119, 49, 97, 9, 11, 126, 117, 44, 57, 121, 89, 105, 55, 8, 81, 111, 22, 120, 51, 34, 54, 42, 122, 96, 69, 32, 92, 60, 87, 85, 75, 12, 67, 2, 90, 19, 100, 43, 23, 21, 1, 71, 27, 108, 31, 53, 5, 37, 125, 66, 62, 94, 106, 6, 59, 70, 29, 61, 93, 36, 20, 48, 40, 113, 98, 18]",597400.0546236439,8.985197900000003,2022-12-22 17:54:15.709515
"HILL CLIMBER
Neighbourhood type: Swap

n_iter: 10","[32, 79, 3, 30, 83, 82, 39, 111, 107, 45, 33, 13, 42, 71, 100, 103, 10, 54, 12, 115, 105, 15, 77, 16, 40, 121, 8, 101, 102, 108, 19, 4, 56, 110, 64, 123, 68, 21, 22, 29, 31, 14, 62, 99, 78, 23, 124, 52, 125, 20, 7, 61, 59, 85, 119, 126, 69, 97, 98, 95, 46, 47, 88, 76, 66, 91, 65, 113, 58, 9, 118, 2, 90, 116, 41, 122, 57, 24, 120, 81, 6, 37, 18, 17, 35, 106, 43, 87, 104, 89, 1, 25, 117, 36, 44, 127, 94, 80, 73, 26, 75, 114, 27, 74, 84, 28, 93, 38, 67, 92, 5, 50, 55, 112, 48, 53, 51, 49, 72, 70, 60, 63, 96, 109, 86, 11, 34]",466170.2061478592,90.2258296,2022-12-22 18:01:11.924523
"NEAREST NEIGHBOUR
Neighbourhood type: Swap
","[26, 29, 3, 2, 21, 1, 28, 6, 12, 9, 5, 20, 10, 4, 15, 18, 14, 22, 17, 11, 19, 16, 27, 24, 8, 23, 25, 7, 13]",2428,0.016269299999976283,2022-12-23 09:14:30.316925
"NEAREST NEIGHBOUR
Neighbourhood type: Swap
","[16, 27, 24, 8, 1, 28, 6, 12, 9, 5, 26, 29, 3, 2, 21, 20, 10, 4, 15, 18, 14, 22, 17, 11, 19, 25, 7, 23, 13]",2146,0.013962999999989734,2022-12-23 09:14:55.585492
"NEAREST NEIGHBOUR
Neighbourhood type: Swap
","[3, 29, 26, 5, 9, 6, 12, 28, 1, 21, 2, 20, 10, 4, 15, 18, 14, 22, 17, 11, 19, 16, 27, 24, 8, 23, 25, 7, 13]",2356,0.013765700000021752,2022-12-23 09:14:57.105347
"NEAREST NEIGHBOUR
Neighbourhood type: Swap
","[1, 28, 6, 12, 9, 5, 26, 29, 3, 2, 21, 20, 10, 4, 15, 18, 14, 22, 17, 11, 19, 16, 27, 24, 8, 23, 25, 7, 13]",2258,0.013994600000046375,2022-12-23 09:14:57.651200
"NEAREST NEIGHBOUR
Neighbourhood type: Swap
","[26, 29, 3, 2, 21, 1, 28, 6, 12, 9, 5, 20, 10, 4, 15, 18, 14, 22, 17, 11, 19, 16, 27, 24, 8, 23, 25, 7, 13]",2428,0.013958200000047327,2022-12-23 09:14:58.105973
"NEAREST NEIGHBOUR
Neighbourhood type: Swap
","[24, 27, 8, 1, 28, 6, 12, 9, 5, 26, 29, 3, 2, 21, 20, 10, 4, 15, 18, 14, 22, 17, 11, 19, 16, 13, 25, 7, 23]",2161,0.014698199999997996,2022-12-23 09:14:58.608002
"NEAREST NEIGHBOUR
Neighbourhood type: Swap
","[25, 19, 15, 4, 10, 20, 2, 21, 1, 28, 6, 12, 9, 5, 26, 29, 3, 13, 24, 27, 8, 16, 23, 7, 11, 22, 14, 18, 17]",2375,0.013676200000077188,2022-12-23 09:14:59.033549
"NEAREST NEIGHBOUR
Neighbourhood type: Swap
","[29, 26, 5, 9, 6, 12, 28, 1, 21, 2, 20, 10, 4, 15, 18, 14, 22, 17, 11, 19, 16, 27, 24, 8, 23, 25, 7, 13, 3]",2356,0.016215500000043903,2022-12-23 09:14:59.523907
"NEAREST NEIGHBOUR
Neighbourhood type: Swap
","[24, 27, 8, 1, 28, 6, 12, 9, 5, 26, 29, 3, 2, 21, 20, 10, 4, 15, 18, 14, 22, 17, 11, 19, 16, 13, 25, 7, 23]",2161,0.013843500000007225,2022-12-23 09:14:59.970813
"NEAREST NEIGHBOUR
Neighbourhood type: Swap
","[8, 27, 24, 16, 19, 15, 4, 10, 20, 2, 21, 1, 28, 6, 12, 9, 5, 26, 29, 3, 13, 25, 7, 23, 11, 22, 14, 18, 17]",2582,0.013644699999986187,2022-12-23 09:15:00.382802
"NEAREST NEIGHBOUR
Neighbourhood type: Swap
","[8, 27, 24, 16, 19, 15, 4, 10, 20, 2, 21, 1, 28, 6, 12, 9, 5, 26, 29, 3, 13, 25, 7, 23, 11, 22, 14, 18, 17]",2582,0.014715400000000045,2022-12-23 09:15:00.904526
"NEAREST NEIGHBOUR
Neighbourhood type: Swap
","[17, 14, 18, 15, 4, 10, 20, 2, 21, 1, 28, 6, 12, 9, 5, 26, 29, 3, 13, 24, 27, 8, 16, 19, 25, 7, 23, 11, 22]",2293,0.01367199999992863,2022-12-23 09:15:01.269891
"NEAREST NEIGHBOUR
Neighbourhood type: Swap
","[28, 1, 21, 2, 20, 10, 4, 15, 18, 14, 22, 17, 11, 19, 16, 27, 24, 8, 23, 25, 7, 13, 6, 12, 9, 5, 26, 29, 3]",2411,0.015148600000088663,2022-12-23 09:15:01.604744
"NEAREST NEIGHBOUR
Neighbourhood type: Swap
","[22, 14, 18, 15, 4, 10, 20, 2, 21, 1, 28, 6, 12, 9, 5, 26, 29, 3, 13, 24, 27, 8, 16, 19, 25, 7, 23, 11, 17]",2340,0.013719700000024204,2022-12-23 09:15:01.785836
"NEAREST NEIGHBOUR
Neighbourhood type: Swap
","[19, 15, 4, 10, 20, 2, 21, 1, 28, 6, 12, 9, 5, 26, 29, 3, 13, 24, 27, 8, 16, 25, 7, 23, 11, 22, 14, 18, 17]",2402,0.013475199999902543,2022-12-23 09:15:01.931549
"NEAREST NEIGHBOUR
Neighbourhood type: Swap
","[6, 12, 9, 5, 26, 29, 3, 2, 21, 1, 28, 8, 27, 24, 16, 19, 15, 4, 10, 20, 13, 25, 7, 23, 11, 22, 14, 18, 17]",2507,0.01444000000003598,2022-12-23 09:15:02.055646
"NEAREST NEIGHBOUR
Neighbourhood type: Swap
","[14, 18, 15, 4, 10, 20, 2, 21, 1, 28, 6, 12, 9, 5, 26, 29, 3, 13, 24, 27, 8, 16, 19, 25, 7, 23, 11, 22, 17]",2293,0.013715899999965586,2022-12-23 09:15:02.157443
"NEAREST NEIGHBOUR
Neighbourhood type: Swap
","[29, 26, 5, 9, 6, 12, 28, 1, 21, 2, 20, 10, 4, 15, 18, 14, 22, 17, 11, 19, 16, 27, 24, 8, 23, 25, 7, 13, 3]",2356,0.014786799999910727,2022-12-23 09:15:02.275047
"NEAREST NEIGHBOUR
Neighbourhood type: Swap
","[25, 19, 15, 4, 10, 20, 2, 21, 1, 28, 6, 12, 9, 5, 26, 29, 3, 13, 24, 27, 8, 16, 23, 7, 11, 22, 14, 18, 17]",2375,0.013424999999983811,2022-12-23 09:15:02.382821
"NEAREST NEIGHBOUR
Neighbourhood type: Swap
","[3, 29, 26, 5, 9, 6, 12, 28, 1, 21, 2, 20, 10, 4, 15, 18, 14, 22, 17, 11, 19, 16, 27, 24, 8, 23, 25, 7, 13]",2356,0.013560699999970893,2022-12-23 09:15:11.529303
"NEAREST NEIGHBOUR
Neighbourhood type: Swap
","[3, 29, 26, 5, 9, 6, 12, 28, 1, 21, 2, 20, 10, 4, 15, 18, 14, 22, 17, 11, 19, 16, 27, 24, 8, 23, 25, 7, 13]",2356,0.013870900000028996,2022-12-23 09:15:12.048859
"NEAREST NEIGHBOUR
Neighbourhood type: Swap
","[3, 29, 26, 5, 9, 6, 12, 28, 1, 21, 2, 20, 10, 4, 15, 18, 14, 22, 17, 11, 19, 16, 27, 24, 8, 23, 25, 7, 13]",2356,0.013984100000016042,2022-12-23 09:15:12.449081
"NEAREST NEIGHBOUR
Neighbourhood type: Swap
","[3, 29, 26, 5, 9, 6, 12, 28, 1, 21, 2, 20, 10, 4, 15, 18, 14, 22, 17, 11, 19, 16, 27, 24, 8, 23, 25, 7, 13]",2356,0.015135599999894112,2022-12-23 09:15:12.708402
"NEAREST NEIGHBOUR
Neighbourhood type: Swap
","[3, 29, 26, 5, 9, 6, 12, 28, 1, 21, 2, 20, 10, 4, 15, 18, 14, 22, 17, 11, 19, 16, 27, 24, 8, 23, 25, 7, 13]",2356,0.01411540000003697,2022-12-23 09:15:12.922227
"NEAREST NEIGHBOUR
Neighbourhood type: Swap
","[3, 29, 26, 5, 9, 6, 12, 28, 1, 21, 2, 20, 10, 4, 15, 18, 14, 22, 17, 11, 19, 16, 27, 24, 8, 23, 25, 7, 13]",2356,0.014403700000002573,2022-12-23 09:15:13.067197
"NEAREST NEIGHBOUR
Neighbourhood type: Swap
","[3, 29, 26, 5, 9, 6, 12, 28, 1, 21, 2, 20, 10, 4, 15, 18, 14, 22, 17, 11, 19, 16, 27, 24, 8, 23, 25, 7, 13]",2356,0.013284999999996217,2022-12-23 09:15:13.149974
"NEAREST NEIGHBOUR
Neighbourhood type: Swap
","[3, 29, 26, 5, 9, 6, 12, 28, 1, 21, 2, 20, 10, 4, 15, 18, 14, 22, 17, 11, 19, 16, 27, 24, 8, 23, 25, 7, 13]",2356,0.01385630000004312,2022-12-23 09:15:13.285494
"NEAREST NEIGHBOUR
Neighbourhood type: Swap
","[3, 29, 26, 5, 9, 6, 12, 28, 1, 21, 2, 20, 10, 4, 15, 18, 14, 22, 17, 11, 19, 16, 27, 24, 8, 23, 25, 7, 13]",2356,0.013683399999990797,2022-12-23 09:15:13.408472
"NEAREST NEIGHBOUR
Neighbourhood type: Swap
","[3, 29, 26, 5, 9, 6, 12, 28, 1, 21, 2, 20, 10, 4, 15, 18, 14, 22, 17, 11, 19, 16, 27, 24, 8, 23, 25, 7, 13]",2356,0.015539199999921038,2022-12-23 09:15:13.529296
"NEAREST NEIGHBOUR
Neighbourhood type: Swap
","[3, 29, 26, 5, 9, 6, 12, 28, 1, 21, 2, 20, 10, 4, 15, 18, 14, 22, 17, 11, 19, 16, 27, 24, 8, 23, 25, 7, 13]",2356,0.01372100000003229,2022-12-23 09:15:13.639345
"NEAREST NEIGHBOUR
Neighbourhood type: Swap
","[3, 29, 26, 5, 9, 6, 12, 28, 1, 21, 2, 20, 10, 4, 15, 18, 14, 22, 17, 11, 19, 16, 27, 24, 8, 23, 25, 7, 13]",2356,0.013596900000038659,2022-12-23 09:15:13.769057
"NEAREST NEIGHBOUR
Neighbourhood type: Swap
","[21, 2, 20, 10, 4, 15, 18, 14, 22, 17, 11, 19, 16, 27, 24, 8, 1, 28, 6, 12, 9, 5, 26, 29, 3, 13, 25, 7, 23]",2374,0.013441700000043966,2022-12-23 09:15:28.098040
"NEAREST NEIGHBOUR
Neighbourhood type: Swap
","[21, 2, 20, 10, 4, 15, 18, 14, 22, 17, 11, 19, 16, 27, 24, 8, 1, 28, 6, 12, 9, 5, 26, 29, 3, 13, 25, 7, 23]",2374,0.013281300000016927,2022-12-23 09:15:28.517837
"NEAREST NEIGHBOUR
Neighbourhood type: Swap
","[21, 2, 20, 10, 4, 15, 18, 14, 22, 17, 11, 19, 16, 27, 24, 8, 1, 28, 6, 12, 9, 5, 26, 29, 3, 13, 25, 7, 23]",2374,0.013129499999990912,2022-12-23 09:15:28.849020
"NEAREST NEIGHBOUR
Neighbourhood type: Swap
","[21, 2, 20, 10, 4, 15, 18, 14, 22, 17, 11, 19, 16, 27, 24, 8, 1, 28, 6, 12, 9, 5, 26, 29, 3, 13, 25, 7, 23]",2374,0.01348530000007031,2022-12-23 09:15:29.049932
"NEAREST NEIGHBOUR
Neighbourhood type: Swap
","[21, 2, 20, 10, 4, 15, 18, 14, 22, 17, 11, 19, 16, 27, 24, 8, 1, 28, 6, 12, 9, 5, 26, 29, 3, 13, 25, 7, 23]",2374,0.014818099999956758,2022-12-23 09:15:29.307664
"NEAREST NEIGHBOUR
Neighbourhood type: Swap
","[21, 2, 20, 10, 4, 15, 18, 14, 22, 17, 11, 19, 16, 27, 24, 8, 1, 28, 6, 12, 9, 5, 26, 29, 3, 13, 25, 7, 23]",2374,0.013304399999924499,2022-12-23 09:15:29.496228
"NEAREST NEIGHBOUR
Neighbourhood type: Swap
","[21, 2, 20, 10, 4, 15, 18, 14, 22, 17, 11, 19, 16, 27, 24, 8, 1, 28, 6, 12, 9, 5, 26, 29, 3, 13, 25, 7, 23]",2374,0.013195300000006682,2022-12-23 09:15:29.689374
"NEAREST NEIGHBOUR
Neighbourhood type: Swap
","[21, 2, 20, 10, 4, 15, 18, 14, 22, 17, 11, 19, 16, 27, 24, 8, 1, 28, 6, 12, 9, 5, 26, 29, 3, 13, 25, 7, 23]",2374,0.013420800000062627,2022-12-23 09:15:29.852285
"NEAREST NEIGHBOUR
Neighbourhood type: Swap
","[21, 2, 20, 10, 4, 15, 18, 14, 22, 17, 11, 19, 16, 27, 24, 8, 1, 28, 6, 12, 9, 5, 26, 29, 3, 13, 25, 7, 23]",2374,0.013370199999940269,2022-12-23 09:15:30.070834
"NEAREST NEIGHBOUR
Neighbourhood type: Swap
","[21, 2, 20, 10, 4, 15, 18, 14, 22, 17, 11, 19, 16, 27, 24, 8, 1, 28, 6, 12, 9, 5, 26, 29, 3, 13, 25, 7, 23]",2374,0.01338840000005348,2022-12-23 09:15:30.199634
"NEAREST NEIGHBOUR
Neighbourhood type: Swap
","[21, 2, 20, 10, 4, 15, 18, 14, 22, 17, 11, 19, 16, 27, 24, 8, 1, 28, 6, 12, 9, 5, 26, 29, 3, 13, 25, 7, 23]",2374,0.013701400000059039,2022-12-23 09:15:30.356408
"HILL CLIMBER
Neighbourhood type: Swap

n_iter: 10","[12, 6, 1, 3, 29, 26, 21, 10, 4, 22, 17, 18, 14, 20, 7, 25, 23, 28, 8, 24, 15, 11, 19, 16, 27, 13, 2, 5, 9]",3000,1.0816767000000027,2022-12-23 09:16:25.585584
"HILL CLIMBER
Neighbourhood type: Swap

n_iter: 30","[16, 24, 1, 21, 2, 20, 10, 4, 19, 25, 7, 11, 22, 14, 17, 18, 15, 13, 6, 5, 3, 29, 26, 9, 12, 28, 8, 27, 23]",2352,1.8406142000000045,2022-12-23 09:16:59.820525
"HILL CLIMBER
Neighbourhood type: Insertion

n_iter: 30","[13, 10, 4, 15, 11, 22, 14, 17, 18, 20, 2, 3, 29, 26, 6, 12, 9, 5, 21, 24, 16, 19, 25, 7, 23, 27, 8, 28, 1]",2250,5.548874299999966,2022-12-23 09:17:32.969988
"HILL CLIMBER
Neighbourhood type: Insertion

n_iter: 30","[12, 28, 24, 16, 11, 22, 14, 17, 18, 15, 4, 19, 25, 7, 23, 27, 8, 1, 21, 5, 9, 26, 29, 3, 2, 20, 10, 13, 6]",2269,6.192062000000078,2022-12-23 09:18:10.058921
"HILL CLIMBER
Neighbourhood type: Swap

n_iter: 30","[11, 22, 14, 17, 18, 15, 20, 21, 6, 12, 9, 5, 26, 29, 3, 2, 1, 28, 23, 7, 25, 16, 27, 8, 24, 13, 10, 4, 19]",2307,2.674946799999816,2022-12-23 09:18:13.507765
"HILL CLIMBER
Neighbourhood type: Inversion

n_iter: 30","[17, 18, 7, 24, 16, 28, 1, 6, 2, 20, 4, 10, 14, 15, 22, 19, 9, 27, 25, 11, 13, 29, 26, 3, 8, 23, 12, 5, 21]",4278,0.0759610000000066,2022-12-23 09:18:18.193148
"HILL CLIMBER
Neighbourhood type: Inversion

n_iter: 30","[1, 19, 15, 17, 29, 2, 5, 13, 27, 7, 10, 11, 14, 18, 21, 26, 3, 20, 25, 16, 23, 28, 24, 6, 12, 9, 22, 8, 4]",4633,0.08485840000003009,2022-12-23 09:18:24.765670
"HILL CLIMBER
Neighbourhood type: Inversion

n_iter: 30","[4, 9, 6, 28, 27, 7, 25, 10, 19, 15, 18, 20, 3, 5, 29, 17, 22, 11, 13, 23, 24, 21, 26, 12, 8, 1, 16, 14, 2]",4097,0.09676319999994121,2022-12-23 09:18:26.355545
"HILL CLIMBER
Neighbourhood type: Inversion

n_iter: 30","[19, 24, 16, 13, 20, 6, 26, 2, 17, 11, 14, 4, 5, 28, 12, 9, 29, 3, 21, 1, 8, 23, 27, 7, 25, 10, 22, 15, 18]",3523,0.10690460000000712,2022-12-23 09:18:27.162441
"HILL CLIMBER
Neighbourhood type: Inversion

n_iter: 30","[29, 21, 20, 22, 13, 24, 2, 26, 3, 10, 8, 27, 7, 15, 16, 1, 23, 12, 28, 5, 4, 11, 25, 14, 18, 17, 19, 6, 9]",4218,0.03791469999987385,2022-12-23 09:18:27.866099
"HILL CLIMBER
Neighbourhood type: Inversion

n_iter: 30","[27, 23, 24, 12, 4, 17, 18, 29, 10, 15, 11, 25, 21, 9, 1, 16, 14, 7, 22, 2, 20, 6, 8, 28, 13, 26, 3, 5, 19]",4712,0.07399519999989934,2022-12-23 09:18:28.987722
"HILL CLIMBER
Neighbourhood type: Inversion

n_iter: 30","[28, 19, 4, 22, 10, 27, 8, 12, 9, 6, 21, 14, 29, 20, 2, 16, 7, 25, 23, 3, 17, 5, 15, 13, 11, 1, 24, 26, 18]",5495,0.06858630000010635,2022-12-23 09:18:31.160403
"HILL CLIMBER
Neighbourhood type: Inversion

n_iter: 30","[16, 8, 25, 10, 14, 18, 15, 21, 1, 6, 24, 4, 17, 3, 12, 9, 23, 19, 13, 5, 29, 26, 22, 20, 11, 27, 7, 28, 2]",4958,0.06010040000001027,2022-12-23 09:18:32.268451
"HILL CLIMBER
Neighbourhood type: Inversion

n_iter: 30","[8, 13, 2, 22, 25, 23, 27, 6, 28, 9, 24, 26, 14, 19, 11, 5, 21, 12, 20, 3, 18, 15, 17, 16, 4, 29, 10, 1, 7]",5249,0.09061129999986406,2022-12-23 09:18:34.614813
"HILL CLIMBER
Neighbourhood type: Inversion

n_iter: 30","[19, 8, 4, 17, 15, 10, 16, 27, 1, 9, 5, 29, 21, 25, 24, 23, 26, 3, 2, 13, 20, 7, 11, 14, 22, 18, 12, 6, 28]",4117,0.07448509999994712,2022-12-23 09:18:41.791923
"HILL CLIMBER
Neighbourhood type: Swap

n_iter: 30","[5, 9, 26, 3, 29, 4, 10, 20, 2, 21, 1, 24, 8, 28, 12, 6, 23, 7, 11, 22, 14, 17, 18, 15, 16, 27, 25, 19, 13]",2716,3.240460600000006,2022-12-23 09:20:03.592907
"HILL CLIMBER
Neighbourhood type: Swap

n_iter: 30","[6, 12, 9, 5, 21, 10, 4, 2, 26, 29, 3, 20, 11, 22, 14, 17, 18, 15, 16, 23, 7, 25, 19, 13, 24, 27, 8, 1, 28]",2461,3.2489494999999806,2022-12-23 09:20:03.674687
"HILL CLIMBER
Neighbourhood type: Swap

n_iter: 30","[27, 16, 11, 15, 19, 13, 21, 2, 3, 20, 10, 25, 7, 23, 24, 1, 6, 26, 29, 18, 17, 22, 14, 4, 5, 9, 12, 28, 8]",2923,3.481071800000109,2022-12-23 09:20:03.992864
"HILL CLIMBER
Neighbourhood type: Swap

n_iter: 30","[22, 11, 19, 25, 7, 23, 16, 24, 27, 8, 1, 29, 3, 28, 6, 12, 9, 26, 5, 21, 2, 20, 10, 13, 4, 15, 18, 17, 14]",2321,3.5592976000000363,2022-12-23 09:20:04.012783
"HILL CLIMBER
Neighbourhood type: Swap

n_iter: 30","[29, 3, 2, 14, 22, 17, 18, 4, 13, 24, 21, 20, 10, 15, 11, 19, 6, 12, 28, 1, 8, 27, 23, 7, 25, 16, 5, 9, 26]",2746,3.7636748999998417,2022-12-23 09:20:04.229398
"HILL CLIMBER
Neighbourhood type: Swap

n_iter: 30","[21, 25, 7, 23, 27, 8, 28, 1, 13, 10, 4, 18, 14, 22, 17, 5, 26, 29, 3, 2, 20, 15, 11, 19, 16, 24, 6, 12, 9]",2716,3.8832224000000224,2022-12-23 09:20:04.291538
"HILL CLIMBER
Neighbourhood type: Swap

n_iter: 30","[10, 15, 11, 25, 19, 16, 13, 4, 18, 17, 22, 14, 7, 23, 27, 8, 24, 21, 3, 29, 26, 5, 1, 28, 6, 12, 9, 2, 20]",2501,4.197154899999987,2022-12-23 09:20:04.508610
"HILL CLIMBER
Neighbourhood type: Swap

n_iter: 30","[19, 4, 10, 20, 2, 21, 26, 3, 29, 18, 15, 13, 28, 6, 12, 9, 5, 17, 14, 22, 11, 16, 24, 1, 8, 27, 23, 7, 25]",2725,4.075323100000105,2022-12-23 09:20:04.621319
"HILL CLIMBER
Neighbourhood type: Swap

n_iter: 30","[25, 7, 15, 4, 19, 16, 23, 8, 12, 9, 5, 26, 29, 3, 2, 20, 10, 13, 27, 24, 1, 28, 6, 21, 18, 17, 14, 22, 11]",2515,4.093974800000069,2022-12-23 09:20:04.642273
"HILL CLIMBER
Neighbourhood type: Swap

n_iter: 30","[14, 22, 11, 25, 7, 23, 27, 8, 28, 1, 21, 3, 29, 26, 9, 5, 2, 20, 10, 13, 12, 6, 24, 16, 19, 4, 15, 18, 17]",2324,4.117811300000085,2022-12-23 09:20:04.696154
"HILL CLIMBER
Neighbourhood type: Swap

n_iter: 30","[17, 18, 20, 3, 29, 26, 2, 21, 19, 11, 7, 25, 16, 23, 27, 8, 12, 9, 5, 6, 28, 1, 24, 13, 10, 4, 15, 14, 22]",2519,2.6146737999999914,2022-12-23 09:20:29.586017
"HILL CLIMBER
Neighbourhood type: Insertion

n_iter: 30","[20, 10, 4, 15, 11, 22, 14, 17, 18, 19, 16, 27, 8, 1, 2, 3, 29, 26, 9, 5, 21, 13, 25, 7, 23, 24, 28, 12, 6]",2415,4.020598999999947,2022-12-23 09:21:18.224822
"TABU SEARCH
Neighbourhood type: Swap

n_iter: 300","[19, 16, 24, 28, 12, 6, 1, 8, 27, 23, 7, 25, 11, 22, 17, 14, 18, 15, 4, 10, 20, 2, 29, 3, 26, 9, 5, 21, 13]",2149,31.900492400000076,2022-12-23 09:23:54.927688
"SIMULATED ANNEALING
Neighbourhood type: Insertion

n_iter: 1000reduction function: reduce
            alpha: 0.8
            start temperatute: 1.230231922161184e-95","[1, 24, 19, 5, 9, 29, 3, 26, 21, 2, 20, 10, 13, 4, 15, 18, 17, 14, 22, 11, 7, 25, 16, 23, 27, 8, 6, 12, 28]",2507,0.27676830000018526,2022-12-23 09:24:37.307344
"NEAREST NEIGHBOUR
","[21, 2, 20, 10, 4, 15, 18, 14, 22, 17, 11, 19, 16, 27, 24, 8, 1, 28, 6, 12, 9, 5, 26, 29, 3, 13, 25, 7, 23]",2374,0.014051999998628162,2022-12-23 14:47:40.921772
"HILL CLIMBER
Neighbourhood type: Inversion

n_iter: 30","[22, 16, 2, 1, 12, 27, 13, 7, 20, 14, 3, 18, 9, 21, 6, 8, 24, 25, 19, 15, 11, 17, 5, 4, 29, 10, 26, 28, 23]",5481,0.10975949999919976,2022-12-23 14:47:41.083710
"HILL CLIMBER
Neighbourhood type: Insertion

n_iter: 30","[14, 22, 11, 16, 8, 1, 28, 6, 12, 9, 5, 26, 29, 3, 2, 21, 20, 10, 13, 24, 27, 23, 7, 25, 19, 4, 15, 18, 17]",2127,6.201983300001302,2022-12-23 14:47:50.392110
"TABU SEARCH
Neighbourhood type: Swap

n_iter: 10","[4, 18, 14, 22, 17, 11, 21, 28, 6, 27, 8, 23, 13, 20, 15, 19, 7, 25, 3, 29, 26, 9, 12, 5, 2, 1, 24, 16, 10]",3150,1.0870619999986957,2022-12-23 14:48:28.197856
"SIMULATED ANNEALING
Neighbourhood type: Insertion

n_iter: 1000reduction function: reduce
            alpha: 0.8
            start temperatute: 1.230231922161184e-95","[4, 13, 24, 1, 28, 8, 23, 7, 25, 19, 15, 18, 17, 14, 22, 11, 16, 27, 21, 5, 6, 12, 9, 26, 29, 3, 2, 20, 10]",2278,0.2847509000021091,2022-12-23 14:48:31.159646
"GENETIC ALGORITHM
Neighbourhood type: Swap
pop_size: 100
        generations: 10
        selection_method: truncation
        crossover_method: <src.utils.genetic.crossover.PMX object at 0x000001EEADC56EF0>
        elite_size: 0
        mating_pool_size: 0.5
        mutation_rate: 0.5
","[20, 5, 24, 11, 14, 4, 10, 15, 13, 28, 25, 7, 29, 3, 2, 18, 17, 26, 1, 6, 12, 9, 8, 23, 27, 21, 16, 19, 22]",4330,0.47715660000176285,2022-12-23 14:49:08.003128
"NEAREST NEIGHBOUR
","[21, 2, 20, 10, 4, 15, 18, 14, 22, 17, 11, 19, 16, 27, 24, 8, 1, 28, 6, 12, 9, 5, 26, 29, 3, 13, 25, 7, 23]",2374,0.013495499999407912,2022-12-23 14:50:15.670162
"HILL CLIMBER
Neighbourhood type: Inversion

n_iter: 30
","[4, 15, 7, 26, 12, 5, 6, 28, 24, 23, 17, 3, 22, 19, 25, 20, 29, 9, 21, 13, 14, 16, 11, 27, 18, 8, 2, 1, 10]",5169,0.06612490000043181,2022-12-23 14:50:15.774062
"HILL CLIMBER
Neighbourhood type: Insertion

n_iter: 30
","[11, 22, 14, 17, 18, 15, 4, 19, 16, 13, 10, 20, 1, 28, 6, 12, 9, 5, 26, 29, 3, 2, 21, 24, 8, 27, 23, 7, 25]",2132,5.3169854000007035,2022-12-23 14:50:24.201489
"TABU SEARCH
Neighbourhood type: Swap

n_iter: 10
","[23, 7, 25, 15, 17, 20, 5, 9, 12, 6, 28, 1, 26, 29, 3, 2, 21, 13, 19, 16, 27, 24, 8, 22, 14, 18, 11, 10, 4]",3031,1.0995388999981515,2022-12-23 14:50:25.433044
"SIMULATED ANNEALING
Neighbourhood type: Insertion

n_iter: 1000
reduction function: reduce
            alpha: 0.8
            start temperatute: 1.230231922161184e-95","[2, 20, 13, 24, 16, 27, 8, 23, 7, 25, 19, 11, 22, 14, 17, 18, 15, 4, 10, 5, 3, 29, 26, 9, 12, 6, 28, 1, 21]",2204,0.2798063000009279,2022-12-23 14:50:25.747219
"NEAREST NEIGHBOUR
","[14, 18, 15, 4, 10, 20, 2, 21, 1, 28, 6, 12, 9, 5, 26, 29, 3, 13, 24, 27, 8, 16, 19, 25, 7, 23, 11, 22, 17]",2293,0.013599000001704553,2022-12-23 14:50:25.786262
"HILL CLIMBER
Neighbourhood type: Swap

n_iter: 30
","[22, 17, 18, 15, 4, 10, 20, 11, 19, 16, 13, 6, 5, 21, 2, 3, 29, 26, 9, 12, 28, 1, 24, 8, 27, 23, 7, 25, 14]",2360,2.376631399998587,2022-12-23 14:50:28.202536
"SIMULATED ANNEALING
Neighbourhood type: Insertion

n_iter: 1000
reduction function: reduce
            alpha: 0.8
            start temperatute: 100","[24, 1, 21, 3, 29, 26, 9, 5, 2, 20, 10, 13, 16, 23, 27, 8, 28, 12, 6, 7, 25, 19, 18, 17, 14, 22, 11, 15, 4]",2538,0.2746547999995528,2022-12-23 14:51:16.418224
"GENETIC ALGORITHM
Neighbourhood type: Swap
pop_size: 100
        generations: 10
        selection_method: truncation
        crossover_method: PMX
        elite_size: 0
        mating_pool_size: 0.5
        mutation_rate: 0.5
","[20, 28, 25, 16, 27, 19, 11, 22, 14, 7, 23, 8, 18, 15, 2, 17, 4, 6, 9, 12, 29, 3, 13, 24, 1, 26, 21, 5, 10]",4069,0.45194049999918207,2022-12-23 14:54:50.884570
"HILL CLIMBER
Neighbourhood type: Inversion

n_iter: 30
","[19, 20, 15, 18, 11, 21, 16, 1, 24, 6, 26, 5, 4, 7, 27, 23, 8, 12, 13, 29, 17, 14, 22, 10, 28, 9, 2, 3, 25]",4488,0.09275869999692077,2022-12-23 22:23:39.158123
"HILL CLIMBER
Neighbourhood type: Inversion

n_iter: 3000
","[20, 21, 27, 1, 3, 2, 10, 13, 25, 22, 15, 17, 26, 7, 23, 24, 5, 6, 12, 28, 16, 8, 11, 19, 14, 29, 4, 9, 18]",4922,0.12056730000040261,2022-12-23 22:23:43.591085
"TABU SEARCH
Neighbourhood type: Swap

n_iter: 100
","[14, 13, 21, 1, 24, 8, 28, 6, 12, 5, 17, 18, 19, 16, 27, 23, 7, 25, 11, 15, 10, 20, 2, 3, 29, 26, 9, 4, 22]",2881,1.6039345000026515,2022-12-23 22:50:41.168743
"TABU SEARCH
Neighbourhood type: Swap
n_iter: 100
","[8, 6, 28, 1, 21, 13, 14, 22, 17, 18, 19, 25, 7, 23, 16, 24, 12, 9, 5, 10, 15, 11, 4, 20, 29, 26, 3, 2, 27]",2913,1.2383179999960703,2022-12-23 22:57:32.703574
"TABU SEARCH
Neighbourhood type: Swap
n_iter: 100
","[22, 11, 7, 25, 14, 18, 15, 4, 19, 16, 27, 23, 8, 24, 1, 28, 6, 12, 13, 10, 20, 2, 29, 3, 26, 9, 5, 21, 17]",2528,9.660418200001004,2022-12-23 22:59:48.462477
"TABU SEARCH
Neighbourhood type: Swap
n_iter: 100
","[8, 24, 13, 1, 28, 12, 6, 21, 2, 5, 9, 26, 29, 3, 20, 18, 17, 14, 22, 11, 25, 7, 10, 4, 15, 19, 16, 23, 27]",2422,5.321644399999059,2022-12-23 22:59:55.419142
"TABU SEARCH
Neighbourhood type: Swap
n_iter: 100
","[8, 24, 13, 1, 28, 6, 12, 21, 2, 5, 9, 26, 29, 3, 20, 18, 14, 17, 22, 11, 7, 25, 10, 4, 15, 19, 16, 23, 27]",2422,11.647488199996587,2022-12-23 23:00:10.422849
"TABU SEARCH
Neighbourhood type: Swap
n_iter: 100
","[2, 3, 29, 26, 5, 9, 12, 6, 21, 20, 10, 19, 25, 7, 11, 22, 17, 14, 18, 15, 4, 13, 16, 24, 27, 23, 8, 28, 1]",2222,4.380955200002063,2022-12-23 23:18:00.342147
"TABU SEARCH
Neighbourhood type: Swap
n_iter: 100
","[21, 29, 3, 26, 5, 9, 12, 6, 2, 20, 10, 4, 25, 7, 11, 22, 17, 18, 14, 15, 19, 16, 23, 27, 13, 24, 8, 28, 1]",2342,2.2890209999968647,2022-12-23 23:18:40.396385
"NEAREST NEIGHBOUR
","[21, 2, 20, 10, 4, 15, 18, 14, 22, 17, 11, 19, 16, 27, 24, 8, 1, 28, 6, 12, 9, 5, 26, 29, 3, 13, 25, 7, 23]",2374,0.014269300001615193,2022-12-23 23:18:44.360462
"HILL CLIMBER
Neighbourhood type: Inversion
n_iter: 3000
","[6, 18, 15, 22, 3, 27, 7, 25, 11, 4, 20, 12, 5, 29, 17, 10, 13, 24, 21, 2, 9, 19, 23, 16, 8, 14, 26, 28, 1]",4786,0.0816075999973691,2022-12-23 23:18:49.005370
"HILL CLIMBER
Neighbourhood type: Insertion
n_iter: 30
","[20, 2, 3, 29, 26, 5, 9, 12, 6, 28, 24, 16, 19, 25, 7, 23, 27, 8, 1, 21, 13, 10, 4, 15, 11, 22, 14, 17, 18]",2167,4.760265900004015,2022-12-23 23:19:00.402544
"TABU SEARCH
Neighbourhood type: Swap
n_iter: 100
","[2, 29, 3, 26, 5, 9, 12, 6, 21, 20, 10, 4, 25, 7, 11, 22, 17, 14, 18, 15, 19, 16, 23, 27, 13, 24, 8, 28, 1]",2322,2.512676800004556,2022-12-23 23:19:19.680674
"HILL CLIMBER
Neighbourhood type: Insertion
n_iter: 30
","[3, 2, 20, 18, 14, 22, 17, 10, 21, 1, 8, 27, 23, 16, 19, 7, 25, 11, 15, 4, 13, 24, 28, 6, 12, 9, 5, 26, 29]",2391,6.26477000000159,2022-12-23 23:19:34.862390
"TABU SEARCH
Neighbourhood type: Swap
n_iter: 100
","[21, 13, 16, 23, 7, 25, 4, 10, 12, 6, 28, 24, 11, 22, 14, 17, 2, 29, 3, 26, 1, 8, 27, 19, 15, 18, 20, 9, 5]",3078,1.9191473000028054,2022-12-23 23:19:49.929061
"SIMULATED ANNEALING
Neighbourhood type: Insertion
n_iter: 1000
reduction function: reduce
            alpha: 0.8
            start temperatute: 100","[24, 13, 23, 16, 27, 8, 28, 6, 12, 9, 5, 26, 2, 20, 11, 7, 25, 19, 10, 3, 29, 18, 17, 22, 14, 15, 4, 21, 1]",2812,0.275361600004544,2022-12-23 23:19:53.075460
"SIMULATED ANNEALING
Neighbourhood type: Insertion
n_iter: 10000
reduction function: reduce
            alpha: 0.8
            start temperatute: 100","[26, 1, 8, 27, 23, 7, 25, 13, 21, 5, 9, 12, 6, 28, 24, 16, 19, 11, 22, 14, 17, 18, 15, 4, 10, 20, 2, 3, 29]",2271,2.734090700003435,2022-12-23 23:19:59.942919
"SIMULATED ANNEALING
Neighbourhood type: Insertion
n_iter: 10000
reduction function: reduce
            alpha: 0.8
            start temperatute: 10000","[13, 2, 3, 29, 26, 9, 5, 21, 20, 10, 6, 12, 28, 1, 8, 27, 16, 19, 11, 22, 14, 17, 18, 15, 4, 25, 7, 23, 24]",2339,2.7234010999964084,2022-12-23 23:20:07.699364
"HILL CLIMBER
Neighbourhood type: Swap
n_iter: 30
","[24, 8, 27, 23, 16, 15, 18, 17, 14, 22, 11, 10, 6, 12, 28, 1, 21, 2, 5, 9, 26, 29, 3, 20, 4, 25, 7, 19, 13]",2530,2.4386647999999695,2022-12-23 23:20:16.112708
"GENETIC ALGORITHM
Neighbourhood type: Swappop_size: 100
        generations: 10
        selection_method: truncation
        crossover_method: PMX
        elite_size: 0
        mating_pool_size: 0.5
        mutation_rate: 0.5
","[27, 25, 16, 6, 26, 9, 21, 4, 17, 22, 11, 18, 14, 10, 20, 3, 7, 19, 28, 12, 24, 1, 29, 13, 5, 2, 8, 23, 15]",4183,0.46480430000519846,2022-12-23 23:20:57.958332
